#Albury
Eden-Monaro,Khancoban
Eden-Monaro,Tumbarumba
Eden-Monaro,Rosewood
Farrer,Holbrook
Farrer,Henty
Farrer,Culcairn
Farrer,Walbundrie
Farrer,Walla Walla
Farrer,Gerogery
Farrer,Burrumbuttock
Farrer,Table Top
Farrer,Jindera
Farrer,Thurgoona East
Farrer,Thurgoona
Farrer,Springdale Heights
Farrer,Lavington East
Farrer,Lavington
Farrer,Lavington PPVC
Farrer,Hume
Farrer,Glenroy
Farrer,Albury North
Farrer,Albury East
Farrer,Albury Central
Farrer,Albury West
Farrer,Albury
Farrer,Albury FARRER PPVC
Farrer,Howlong
Farrer,Corowa PPVC
Farrer,Corowa
Farrer,Corowa South
Farrer,Mulwala
Farrer,Oaklands
Farrer,Urana
#Auburn
Blaxland,Yagoona West
Blaxland,Chester Hill Central
Blaxland,Chester Hill
Blaxland,Chester Hill North East
Blaxland,Sefton
Blaxland,Birrong
Blaxland,Regents Park
Blaxland,Berala South
Blaxland,Berala
Blaxland,Berala BLAXLAND PPVC
Blaxland,Parramatta BLAXLAND PPVC
Blaxland,Auburn East
Blaxland,Auburn West
Blaxland,Auburn Central
Blaxland,Auburn
Blaxland,Auburn North
Blaxland,Silverwater (Blaxland)
Blaxland,Lidcombe (Blaxland)
Blaxland,Lidcombe South (Blaxland)
Reid,Lidcombe (Reid)
Reid,Lidcombe South (Reid)
Reid,Berala REID PPVC
Watson,Berala WATSON PPVC
Watson,Lidcombe South (Watson)
Watson,Lidcombe (Watson)
#Badgerys Creek
Lindsay,Regentville
Lindsay,Glenmore Park PPVC
Lindsay,Glenmore Park
Lindsay,Glenmore Park Central
Lindsay,Glenmore Park South
Lindsay,Glenmore Park East
Lindsay,Mulgoa
McMahon,Penrith MCMAHON PPVC
McMahon,St Marys MCMAHON PPVC
McMahon,St Clair South
McMahon,St Clair South West
McMahon,St Clair West
McMahon,St Clair
McMahon,St Clair East
McMahon,Erskine Park
McMahon,Erskine Park Central
McMahon,Horsley Park
McMahon,Kemps Creek (McMahon)
Hume,Penrith HUME PPVC
Hume,Wallacia
Hume,Luddenham
Hume,Bringelly (Hume)
Hume,Oran Park HUME PPVC
Hume,Cobbitty East (Hume)
Werriwa,Bringelly (Werriwa)
Macarthur,Oran Park North West
Macarthur,Oran Park MACARTHUR PPVC
Macarthur,Oran Park
Macarthur,Oran Park North
Macarthur,Cobbitty East (Macarthur)
#Ballina
Page,Wollongbar
Page,Alstonville
Page,Rous
Page,Wardell
Page,Ballina PAGE PPVC
Richmond,Ballina West
Richmond,Ballina
Richmond,Ballina North
Richmond,Ballina East
Richmond,Ballina RICHMOND PPVC
Richmond,Skennars Head
Richmond,Lennox Head
Richmond,Tintenbar
Richmond,Fernleigh
Richmond,Newrybar
Richmond,Bangalow
Richmond,Suffolk Park
Richmond,Byron Bay South
Richmond,Byron Bay
Richmond,Byron Bay PPVC
Richmond,Ewingsdale
Richmond,Coorabell
Richmond,Brunswick Heads
Richmond,Mullumbimby South
Richmond,Mullumbimby
Richmond,Ocean Shores
Richmond,Billinudgel
Richmond,Ocean Shores North
Richmond,Durrumbul
#Balmain
Sydney,Ultimo
Sydney,Ultimo East
Sydney,Central Sydney SYDNEY PPVC
Sydney,Leichhardt SYDNEY PPVC
Sydney,Pyrmont South
Sydney,Glebe North
Sydney,Glebe
Sydney,Glebe East
Sydney,Glebe SYDNEY PPVC
Sydney,Glebe West
Sydney,Forest Lodge
Grayndler,Glebe GRAYNDLER PPVC
Grayndler,Annandale North
Grayndler,Annandale Central
Grayndler,Annandale (Grayndler)
Grayndler,Leichhardt South
Grayndler,Leichhardt GRAYNDLER PPVC
Grayndler,Leichhardt
Grayndler,Leichhardt West
Grayndler,Leichhardt East
Grayndler,Lilyfield
Grayndler,Lilyfield North
Grayndler,Rozelle
Grayndler,Rozelle Central
Grayndler,Rozelle East
Grayndler,Balmain
Grayndler,Balmain Central
Grayndler,Balmain East
Grayndler,Birchgrove
Grayndler,Birchgrove East
#Bankstown
Watson,Wiley Park West
Watson,Punchbowl
Watson,Punchbowl Central
Watson,Punchbowl East
Watson,Bankstown South
Watson,Bankstown WATSON PPVC
Watson,Bankstown (Watson)
Watson,Bankstown Central (Watson)
Watson,Beverly Hills North (Watson)
Watson,Greenacre
Watson,Greenacre Central
Watson,Greenacre West
Watson,Greenacre North
Watson,Mount Lewis
Watson,Chullora
Watson,Riverwood East (Watson)
Blaxland,Bankstown West
Blaxland,Yagoona
Blaxland,Bankstown (Blaxland)
Blaxland,Bankstown BLAXLAND PPVC
Blaxland,Bankstown Central (Blaxland)
Blaxland,Bankstown East
Blaxland,Bankstown North
Blaxland,Condell Park South
#Barwon
Parkes,Tullibigeal
Parkes,Lake Cargelligo
Parkes,Euabalong
Parkes,Condobolin
Parkes,Fifield
Parkes,Tottenham
Parkes,Warren
Parkes,Nyngan
Parkes,Gilgandra
Parkes,Curban
Parkes,Mendooran
Parkes,Dunedoo
Parkes,Coolah
Parkes,Gulargambone
Parkes,Tooraweenah
Parkes,Binnaway
Parkes,Purlewaugh
Parkes,Coonabarabran
Parkes,Baradine
Parkes,Pilliga
Parkes,Boggabri
Parkes,Baan Baa
Parkes,Burren Junction
Parkes,Wee Waa
Parkes,Narrabri West
Parkes,Dangar Village
Parkes,Narrabri
Parkes,Narrabri PPVC
Parkes,Bellata
Parkes,Coonamble
Parkes,Walgett
Parkes,Collarenebri
Parkes,Lightning Ridge
Parkes,Cumborah
Parkes,Goodooga
Parkes,Brewarrina
Parkes,Bourke
Parkes,Bourke PPVC
Parkes,Cobar PPVC
Parkes,Cobar
Parkes,Wilcannia
Parkes,Menindee
Parkes,Broken Hill Alma
Parkes,Broken Hill Central
Parkes,Broken Hill Excelsior
Parkes,Broken Hill PPVC
Parkes,Broken Hill East
Parkes,Broken Hill North
#Bathurst
Calare,Bowenfels South
Calare,Rylstone
Calare,Kandos
Calare,Ilford
Calare,Capertee
Calare,Wattle Flat
Calare,Cullen Bullen
Calare,Peel
Calare,Portland
Calare,Wallerawang
Calare,Meadow Flat
Calare,Yetholme
Calare,Lithgow PPVC
Calare,Lithgow
Calare,Oakey Park
Calare,Hermitage
Calare,Cooerwull
Calare,Tweed Mills
Calare,Hartley
Calare,Hampton
Calare,Oberon
Calare,Black Springs
Calare,Trunkey
Calare,Rockley
Calare,O'Connell
Calare,Perthville
Calare,Raglan
Calare,Kelso
Calare,Bathurst South
Calare,Bathurst Central
Calare,Bathurst City
Calare,Bathurst
Calare,Bathurst West
Calare,Bathurst North
Calare,Bathurst PPVC
Calare,Windradyne PPVC
Calare,Eglinton
Calare,Peel
Calare,Wattle Flat
Calare,Barry
Calare,Blayney
Calare,Millthorpe
Calare,Carcoar
Calare,Mandurama
Calare,Lyndhurst
#Bega
Gilmore,South Durras
Gilmore,Long Beach
Gilmore,Batemans Bay
Gilmore,Batemans Bay PPVC
Gilmore,Nelligen
Gilmore,Batehaven
Gilmore,Sunshine Bay
Gilmore,Mogo
Gilmore,Malua Bay
Gilmore,Tomakin
Gilmore,Broulee
Gilmore,Moruya
Gilmore,Moruya South
Gilmore,Tuross Head
Eden-Monaro,Bodalla
Eden-Monaro,Dalmeny
Eden-Monaro,Narooma PPVC
Eden-Monaro,Narooma
Eden-Monaro,Central Tilba
Eden-Monaro,Cobargo
Eden-Monaro,Bermagui
Eden-Monaro,Quaama
Eden-Monaro,Brogo
Eden-Monaro,Tanja
Eden-Monaro,Tathra
Eden-Monaro,Bega PPVC
Eden-Monaro,Bega
Eden-Monaro,Bega Heights
Eden-Monaro,Bega Central
Eden-Monaro,Bemboka
Eden-Monaro,Candelo
Eden-Monaro,Wolumla
Eden-Monaro,Tura Beach
Eden-Monaro,Merimbula
Eden-Monaro,Merimbula Central
Eden-Monaro,Merimbula PPVC
Eden-Monaro,Wyndham
Eden-Monaro,Pambula
Eden-Monaro,Eden
Eden-Monaro,Eden Central
Eden-Monaro,Towamba
#Blacktown
Greenway,Blacktown
Greenway,Blacktown South (Greenway)
Greenway,Blacktown GREENWAY PPVC
Greenway,Blacktown North
Greenway,Kings Park
Chifley,Blacktown South (Chifley)
Chifley,Arndell Park North
Chifley,Doonside
Chifley,Doonside Central
Chifley,Doonside North
Chifley,Doonside South
Chifley,Blacktown West
Chifley,Marayong West
Chifley,Marayong South
Chifley,Marayong
Chifley,Quakers Hill
Chifley,Marayong Heights
Chifley,Dean Park
Chifley,Glendenning
Chifley,Woodcroft
#Blue Mountains
Macquarie,Mount Victoria
Macquarie,Blackheath
Macquarie,Blaxland
Macquarie,Blaxland East
Macquarie,Katoomba North
Macquarie,Katoomba PPVC
Macquarie,Katoomba Central
Macquarie,Katoomba
Macquarie,Leura Central
Macquarie,Leura
Macquarie,Wentworth Falls
Macquarie,Lawson
Macquarie,Hazelbrook
Macquarie,Woodford
Macquarie,Faulconbridge
Macquarie,Springwood PPVC
Macquarie,Springwood
Macquarie,Springwood South
Macquarie,Springwood North
Macquarie,Valley Heights
Macquarie,Warrimoo
Macquarie,Winmalee
Macquarie,Mount Riverview
Macquarie,Glenbrook
Macquarie,Lapstone
Macquarie,Emu Plains MACQUARIE PPVC
Macquarie,Penrith MACQUARIE PPVC
#Cabramatta
Fowler,Bossley Park
Fowler,Bossley Park East
Fowler,Abbotsbury
Fowler,Bossley Park South
Fowler,Edensor Park North
Fowler,Edensor Park
Fowler,Greenfield Park
Fowler,Cabramatta FOWLER PPVC
Fowler,St Johns Park
Fowler,Cabramatta West Central
Fowler,Bonnyrigg Central (Fowler)
Fowler,Mount Pritchard (Fowler)
Fowler,Mount Pritchard East
Fowler,Cabramatta West
Fowler,Cabramatta South
Fowler,Cabramatta
Fowler,Cabramatta East
Fowler,Canley Vale
Fowler,Lansvale
Fowler,Lansvale East
Fowler,Wetherill Park FOWLER PPVC
Fowler,West Hoxton FOWLER PPVC
#Camden
Macarthur,Harrington Park
Macarthur,Harrington Park Central
Macarthur,Gledswood Hills
Macarthur,Gregory Hills
Macarthur,Currans Hill
Macarthur,Smeaton Grange
Macarthur,Camden MACARTHUR PPVC
Hume,Cobbitty
Hume,Mount Annan PPVC
Hume,Mount Annan Central
Hume,Mount Annan
Hume,Narellan Vale Central
Hume,Narellan Vale
Hume,Narellan
Hume,Elderslie Central
Hume,Camden East
Hume,Spring Farm
Hume,Camden HUME PPVC
Hume,Camden
Hume,Camden South
Hume,Cawdor
Hume,Campbelltown HUME PPVC
#Campbelltown
Macarthur,Claymore
Macarthur,Blairmount
Macarthur,Woodbine
Macarthur,Leumeah North
Macarthur,Campbelltown North East
Macarthur,Campbelltown North
Macarthur,Campbelltown MACARTHUR PPVC
Macarthur,Campbelltown
Macarthur,Campbelltown East
Macarthur,Kentlyn
Macarthur,Ruse
Macarthur,Airds North
Macarthur,Airds
Macarthur,Bradbury
Macarthur,St Helens Park North
Macarthur,Ambarvale
Macarthur,Ambarvale West
Macarthur,Glen Alpine
Macarthur,St Helens Park
Macarthur,St Helens Park North
Macarthur,Rosemeadow East
Macarthur,Rosemeadow
Macarthur,Wedderburn
Macarthur,Menangle Park (Macarthur)
Hume,Appin
#Canterbury
Barton,Belmore BARTON PPVC
Barton,Clemton Park
Barton,Clemton Park West
Barton,Kingsgrove North (Barton)
Barton,Canterbury South
Barton,Earlwood
Barton,Earlwood South
Barton,Earlwood Central
Barton,Undercliffe
Watson,Kingsgrove North (Watson)
Watson,Roselands
Watson,Belmore South
Watson,Lakemba Central
Watson,Wiley Park East
Watson,Lakemba North
Watson,Lakemba
Watson,Belmore WATSON PPVC
Watson,Belmore Central
Watson,Belmore North
Watson,Campsie South
Watson,Campsie
Watson,Canterbury North (Watson)
Watson,Hurstville WATSON PPVC
#Castle Hill
Mitchell,Baulkham Hills
Mitchell,Baulkham Hills Central
Mitchell,Baulkham Hills North West
Mitchell,Baulkham Hills North
Mitchell,Baulkham Hills South
Mitchell,Baulkham Hills South West
Mitchell,Castle Hill South West
Mitchell,Castle Hill
Mitchell,Castle Hill Central
Mitchell,Castle Hill East
Mitchell,Castle Hill North (Mitchell)
Mitchell,Cherrybrook MITCHELL PPVC
Mitchell,West Pennant Hills North (Mitchell)
Berowra,Castle Hill North (Berowra)
Berowra,West Pennant Hills North (Berowra)
Berowra,West Pennant Hills
Berowra,Rogans Hill North
Berowra,Glenhaven
Berowra,Dural
Berowra,Kenthurst
Berowra,Baulkham Hills BEROWRA PPVC
Berowra,Annangrove (Berowra)
#Cessnock
Hunter,Edgeworth
Hunter,Edgeworth Heights
Hunter,Cameron Park
Hunter,Edgeworth HUNTER PPVC
Hunter,West Wallsend
Hunter,Barnsley
Hunter,Mulbring
Hunter,Kurri Kurri HUNTER PPVC
Hunter,Rutherford HUNTER PPVC
Hunter,East Maitland HUNTER PPVC
Hunter,Wallsend HUNTER PPVC
Hunter,Kearsley
Hunter,Kitchener
Hunter,Aberdare
Hunter,Cessnock HUNTER PPVC
Hunter,Cessnock East
Hunter,Cessnock West
Hunter,Cessnock North
Hunter,Nulkaba
Hunter,Bellbird
Hunter,Ellalong
Hunter,Millfield
Hunter,Wollombi
Hunter,Pokolbin
Hunter,North Rothbury
Hunter,Greta
Paterson,Cessnock PATERSON PPVC
Paterson,Abermain
Paterson,Weston
Paterson,Kurri Kurri
Paterson,Kurri Kurri North
Paterson,Kurri Kurri PATERSON PPVC
Paterson,Pelaw Main
#Charlestown
Shortland,Eleebana
Shortland,Warners Bay
Shortland,Warners Bay Central
Shortland,Windale
Shortland,Gateshead
Shortland,Mount Hutton
Shortland,Dudley
Shortland,Whitebridge
Shortland,Charlestown
Shortland,Charlestown SHORTLAND PPVC
Shortland,Charlestown South
Shortland,Charlestown East
Shortland,Kahibah
Shortland,Hillsborough
Shortland,Cardiff
Shortland,Cardiff South
Shortland,Garden Suburb
Shortland,Kotara South (Shortland)
Shortland,Adamstown Heights (Shortland)
Shortland,Newcastle SHORTLAND PPVC
Shortland,Edgeworth SHORTLAND PPVC
Shortland,Wallsend SHORTLAND PPVC
Newcastle,Charlestown NEWCASTLE PPVC
Newcastle,Kotara South (Newcastle)
Newcastle,Adamstown Heights (Newcastle)
Newcastle,Adamstown South
Newcastle,New Lambton South
Newcastle,New Lambton Central
Newcastle,New Lambton
#Clarence
Page,Glenreagh
Page,Wooli
Page,Dundurrabin
Page,Coutts Crossing
Page,Tucabia
Page,Ulmarra
Page,South Grafton
Page,South Grafton Central
Page,Grafton East
Page,Grafton Central
Page,Grafton PPVC
Page,Grafton
Page,Grafton North
Page,Copmanhurst
Page,Cowper
Page,Lawrence
Page,Gulmarrad
Page,Maclean PPVC
Page,Harwood Island
Page,Chatsworth Island
Page,Palmers Island
Page,Yamba
Page,Yamba West
Page,Iluka
Page,Woombah
Page,Evans Head
Page,Meerschaum Vale
Page,Coraki
Page,Rappville
Page,Clovass
Page,Casino South
Page,Casino
Page,Casino PPVC
Page,Casino West
Page,Casino North
Page,Fairy Hill
Page,Bentley
Page,Maclean
#Coffs Harbour
Cowper,Bonville
Cowper,Upper Orara
Cowper,Sawtell
Cowper,Bayldon
Cowper,Toormina
Cowper,Boambee East
Cowper,Boambee
Cowper,Coffs Harbour COWPER PPVC
Cowper,Coffs Harbour
Cowper,Coffs Harbour North
Cowper,Coffs Harbour West
Cowper,Coffs Harbour South
Cowper,Coffs Harbour Central
Cowper,Coffs Harbour Jetty
Cowper,North Boambee Valley
Cowper,Korora (Cowper)
Page,Coffs Harbour PAGE PPVC
Page,Korora (Page)
Page,Karangi
Page,Coramba
Page,Lowanna
Page,Nana Glen
Page,Moonee Beach
Page,Sandy Beach
Page,Woolgoolga
Page,Woolgoolga Central
Page,Mullaway
Page,Corindi
Page,Red Rock
#Coogee
Wentworth,Bondi PPVC
Wentworth,Bondi Junction North
Wentworth,Waverley WENTWORTH PPVC
Wentworth,Waverley North
Wentworth,Waverley
Wentworth,Bronte
Wentworth,Clovelly
Wentworth,Clovelly North (Wentworth)
Wentworth,Clovelly Beach (Wentworth)
Wentworth,Randwick North (Wentworth)
Wentworth,Randwick WENTWORTH PPVC
Wentworth,Randwick (Wentworth)
Wentworth,Bondi Junction
Kingsford Smith,Kensington
Kingsford Smith,Clovelly North (Kingsford Smith)
Kingsford Smith,Clovelly Beach (Kingsford Smith)
Kingsford Smith,Randwick North (Kingsford Smith)
Kingsford Smith,Randwick KINGSFORD SMITH PPVC
Kingsford Smith,Waverley KINGSFORD SMITH PPVC
Kingsford Smith,Randwick (Kingsford Smith)
Kingsford Smith,Randwick Central
Kingsford Smith,The Spot
Kingsford Smith,Randwick South
Kingsford Smith,Randwick Central
Kingsford Smith,Randwick East
Kingsford Smith,Randwick West
Kingsford Smith,Coogee Beach
Kingsford Smith,Coogee Central
Kingsford Smith,Coogee
Kingsford Smith,Coogee East
#Cootamundra
Hume,Boorowa
Hume,Rye Park
Riverina,Gundagai South
Riverina,Gundagai
Riverina,Coolac
Riverina,Jugiong
Riverina,Junee PPVC
Riverina,Junee
Riverina,Junee East
Riverina,Illabo
Riverina,Marrar
Riverina,Coolamon
Riverina,Ganmain
Riverina,Cootamundra PPVC
Riverina,Cootamundra
Riverina,Cootamundra West
Riverina,Harden
Riverina,Murrumburrah
Riverina,Wallendbeen
Riverina,Wombat
Riverina,Stockinbingal
Riverina,Young
Riverina,Young North
Riverina,Young South
Riverina,Young PPVC
Riverina,Koorawatha
Riverina,Morongla Creek
Riverina,Greenethorpe
Riverina,Woodstock
Riverina,Billimari
Riverina,Cowra
Riverina,Cowra PPVC
Riverina,Cowra West
Riverina,Cowra North
Riverina,Gooloogong
Riverina,Grenfell
Riverina,Bribbaree
Riverina,Quandialla
Riverina,Caragabal
Riverina,Marrar
Riverina,Coolamon
Riverina,Ganmain
Riverina,Temora PPVC
Riverina,Temora
Riverina,Temora West
Riverina,Ariah Park
Riverina,Ardlethan
Riverina,Barmedman
Riverina,Wyalong PPVC
Riverina,Wyalong
Riverina,West Wyalong
Riverina,Ungarie
Riverina,Weethalle
Riverina,Murringo
Riverina,Nangus
Riverina,Tumblong
Farrer,Narrandera PPVC
Farrer,Narrandera
Farrer,Narrandera East
Farrer,Barellan
#Cronulla
Cook,Caringbah North
Cook,Caringbah PPVC
Cook,Caringbah Central
Cook,Caringbah West
Cook,Caringbah South
Cook,Yowie Bay
Cook,Gymea
Cook,Gymea Bay North
Cook,Gymea Bay
Cook,Lilli Pilli
Cook,Burraneer Bay
Cook,Burraneer
Cook,Woolooware North
Cook,Woolooware
Cook,Cronulla
Cook,Cronulla South
Cook,Cronulla Central
Cook,Greenhills Beach
Cook,Kurnell
Hughes,Kirrawee South
Hughes,Grays Point
#Davidson
Bradfield,Roseville East
Bradfield,Roseville
Bradfield,Lindfield
Bradfield,Lindfield West
Bradfield,Lindfield Central
Bradfield,Lindfield North
Bradfield,Lindfield East
Bradfield,Killara
Bradfield,Killara East
Bradfield,Gordon
Bradfield,Gordon East
Bradfield,Gordon PPVC
Bradfield,St Ives South
Bradfield,St Ives PPVC
Bradfield,St Ives
Bradfield,St Ives East
Bradfield,St Ives North
Bradfield,St Ives Chase
Bradfield,Turramurra North
Bradfield,Turramurra Valley
Mackellar,Frenchs Forest (Mackellar)
Mackellar,Belrose
Mackellar,Frenchs Forest North
Mackellar,Davidson
Mackellar,Belrose
Mackellar,Belrose North
#Drummoyne
Reid,Leichhardt REID PPVC
Reid,Five Dock Central
Reid,Five Dock
Reid,Five Dock East
Reid,Russell Lea
Reid,Chiswick
Reid,Abbotsford
Reid,Abbotsford East
Reid,Drummoyne
Reid,Drummoyne North
Reid,Drummoyne East
Reid,Concord East
Reid,Concord City
Reid,Mortlake
Reid,Breakfast Point
Reid,Concord
Reid,Homebush North
Reid,Strathfield North
Reid,Concord West
Reid,Concord North
Reid,Rhodes
#Dubbo
Calare,Mudgee Central
Calare,Mudgee South
Calare,Lue
Calare,Hargraves
Calare,Ulan
Calare,Gulgong
Calare,Geurie
Calare,Wellington
Calare,Wellington East
Calare,Mumbil
Calare,Stuart Town
Calare,Hargraves
Calare,Mudgee PPVC
Calare,Mudgee
Calare,Dubbo CALARE PPVC
Parkes,Ballimore
Parkes,Wongarbon
Parkes,Tomingley
Parkes,Eumungerie
Parkes,Narromine
Parkes,Trangie
Parkes,Dubbo Blue Ridge
Parkes,Dubbo East
Parkes,Dubbo PARKES PPVC
Parkes,Dubbo North
Parkes,Dubbo South
Parkes,Dubbo Grove
Parkes,Dubbo
Parkes,Dubbo West
Parkes,Orana Heights
#East Hills
Banks,Picnic Point South
Banks,Padstow South
Banks,Padstow
Banks,Padstow East
Banks,Padstow BANKS PPVC
Banks,Revesby North (Banks)
Banks,Revesby
Banks,Revesby South
Banks,Picnic Point North
Banks,Panania South
Banks,Panania
Banks,Panania North
Banks,Panania Central
Banks,East Hills
Banks,Bankstown BANKS PPVC
Blaxland,Padstow BLAXLAND PPVC
Blaxland,Revesby North (Blaxland)
Blaxland,Condell Park
Blaxland,Condell Park North
Blaxland,Condell Park West
Blaxland,Georges Hall
Blaxland,Milperra
#Epping
Parramatta,Oatlands
Parramatta,Oatlands North
Parramatta,Telopea
Parramatta,Dundas Valley South
Parramatta,Dundas Valley
Parramatta,Carlingford South
Parramatta,Carlingford North
Parramatta,Carlingford (Parramatta)
Parramatta,North Rocks (Parramatta)
Parramatta,Eastwood PARRAMATTA PPVC
Parramatta,Epping PARRAMATTA PPVC
Mitchell,North Rocks (Mitchell)
Mitchell,Muirfield
Bennelong,Carlingford (Bennelong)
Bennelong,Carlingford East
Bennelong,Epping West
Bennelong,Epping BENNELONG PPVC
Bennelong,Meadowbank
Bennelong,Epping
Bennelong,Epping East
Bennelong,Epping North
Bennelong,Epping Heights
Berowra,Epping BEROWRA PPVC
Berowra,Carlingford Heights
Berowra,Cheltenham
Berowra,Beecroft
Berowra,Beecroft North
#Fairfield
Blaxland,Villawood East
Blaxland,Bass Hill West
Blaxland,Bass Hill Central
Blaxland,Bass Hill
Blaxland,Chester Hill North
Blaxland,Fairfield BLAXLAND PPVC
Fowler,Yennora (Fowler)
Fowler,Villawood North
Fowler,Villawood
Fowler,Fairfield West (Fowler)
Fowler,Wakeley
Fowler,Canley Heights
Fowler,Fairfield FOWLER PPVC
McMahon,Fairfield MCMAHON PPVC
McMahon,Yennora (McMahon)
McMahon,Fairfield Central
McMahon,Fairfield South
McMahon,Fairfield Heights
McMahon,Fairfield West Central
McMahon,Fairfield West (McMahon)
McMahon,Smithfield East
#Gosford
Robertson,Mooney Mooney
Robertson,Ocean Beach
Robertson,Umina Beach
Robertson,Umina
Robertson,Umina Central
Robertson,Ettalong
Robertson,Ettalong West
Robertson,Ettalong Central
Robertson,Booker Bay
Robertson,Booker Bay
Robertson,Woy Woy South
Robertson,Woy Woy
Robertson,Woy Woy PPVC
Robertson,Point Clare
Robertson,Gosford West
Robertson,Gosford East
Robertson,Gosford
Robertson,Gosford ROBERTSON PPVC
Robertson,Gosford North
Robertson,Wyoming (Robertson)
Robertson,Narara South
Robertson,Kariong
Robertson,Kariong East
Robertson,Mount White
Robertson,Spencer
Robertson,Somersby
Robertson,Peats Ridge
Robertson,Mangrove Mountain
Robertson,Wyong ROBERTSON PPVC
Dobell,Kulnura
#Goulburn
Whitlam,Robertson
Whitlam,Burrawang
Whitlam,Avoca
Whitlam,Berrima
Whitlam,Moss Vale Central
Whitlam,Moss Vale
Whitlam,Sutton Forest
Hume,Exeter
Hume,Bundanoon
Hume,Wingello
Hume,Canyonleigh
Hume,Tallong
Hume,Marulan
Hume,Bungonia
Hume,Tarago
Hume,Goulburn West
Hume,Goulburn South
Hume,Goulburn PPVC
Hume,Goulburn
Hume,Goulburn Heights
Hume,Goulburn North
Hume,Bradfordville
Hume,Taralga
Hume,Laggan
Hume,Crookwell
Hume,Binda
Hume,Grabben Gullen
Hume,Dalton
Hume,Gunning
Hume,Bigga
Hume,Collector
Eden-Monaro,Binalong
Eden-Monaro,Bowning
Eden-Monaro,Yass PPVC
Eden-Monaro,Yass North
Eden-Monaro,Yass
Eden-Monaro,Yass Central
Eden-Monaro,Murrumbateman
Eden-Monaro,Gundaroo
Eden-Monaro,Sutton
#Granville
McMahon,Guildford
McMahon,Guildford East
McMahon,Merrylands East (McMahon)
McMahon,Merrylands South (McMahon)
McMahon,Merrylands Central (McMahon)
McMahon,Merrylands West
McMahon,South Wentworthville Central
McMahon,Guildford West
McMahon,Guildford North (McMahon)
McMahon,Parramatta MCMAHON PPVC
Blaxland,Guildford South
Blaxland,Guildford North (Blaxland)
Blaxland,Granville South (Blaxland)
Blaxland,Granville East (Blaxland)
Parramatta,Merrylands
Parramatta,Granville
Parramatta,Granville North
Parramatta,Granville East (Parramatta)
Parramatta,Granville South (Parramatta)
Parramatta,Granville North
Parramatta,Guildford North (Parramatta)
Parramatta,Merrylands East (Parramatta)
Parramatta,Merrylands South (Parramatta)
Parramatta,Merrylands Central (Parramatta)
Parramatta,Holroyd
Parramatta,Westmead Central
Parramatta,Westmead
Parramatta,Westmead South
Parramatta,Berala PARRAMATTA PPVC
Parramatta,Fairfield PARRAMATTA PPVC
#Hawkesbury
Mitchell,Box Hill
Mitchell,Annangrove (Mitchell)
Berowra,Glenorie West
Berowra,Maroota
Berowra,Maroota South
Macquarie,Oakville
Macquarie,Maraylya
Macquarie,Cattai
Macquarie,Vineyard East (Macquarie)
Macquarie,Oakville
Macquarie,Bligh Park East
Macquarie,Bligh Park
Macquarie,McGraths Hill
Macquarie,Pitt Town
Macquarie,Windsor PPVC
Macquarie,Windsor South
Macquarie,Windsor
Macquarie,Hobartville
Macquarie,Richmond MACQUARIE PPVC
Macquarie,Richmond
Macquarie,Ebenezer
Macquarie,Wilberforce
Macquarie,Freemans Reach
Macquarie,Glossodia
Macquarie,Kurrajong East
Macquarie,Kurrajong North
Macquarie,Kurrajong
Macquarie,Kurmond
Macquarie,North Richmond
Macquarie,Yarramundi
Macquarie,Bilpin
Macquarie,Colo Heights
Macquarie,St Albans
Macquarie,Grose Wold
#Heathcote
Hughes,Sutherland North
Hughes,Sutherland East
Hughes,Sutherland
Hughes,Woronora River
Hughes,Woronora Heights
Hughes,Loftus
Hughes,Engadine North
Hughes,Engadine South
Hughes,Engadine West
Hughes,Engadine East
Hughes,Engadine
Hughes,Engadine HUGHES PPVC
Hughes,Yarrawarrah
Hughes,Heathcote East
Hughes,Heathcote
Hughes,Bundeena
Cunningham,Engadine CUNNINGHAM PPVC
Cunningham,Helensburgh North
Cunningham,Helensburgh
Cunningham,Stanwell Park
Cunningham,Wombarra
Cunningham,Coledale
Cunningham,Austinmer
Cunningham,Thirroul
Cunningham,Thirroul East
Cunningham,Bulli
Cunningham,Bulli Central
#Heffron
Kingsford Smith,Kensington West
Kingsford Smith,Kensington Central
Kingsford Smith,Kensington Park
Kingsford Smith,Eastlakes KINGSFORD SMITH PPVC
Kingsford Smith,Glebe KINGSFORD SMITH PPVC
Kingsford Smith,Rosebery West (Kingsford Smith)
Kingsford Smith,Eastlakes
Kingsford Smith,Eastlakes East
Kingsford Smith,Mascot East
Kingsford Smith,Mascot North
Kingsford Smith,Mascot
Sydney,Eastlakes SYDNEY PPVC
Sydney,Waterloo
Sydney,Alexandria
Sydney,Alexandria South
Sydney,Zetland
Sydney,Zetland South
Sydney,Beaconsfield
Sydney,Rosebery
Sydney,Rosebery West (Sydney)
Wentworth,Glebe WENTWORTH PPVC
Wentworth,Kings Cross Central (Wentworth)
Wentworth,Paddington South
Grayndler,St Peters
Grayndler,Sydenham
Barton,Tempe
#Holsworthy
Hughes,Hammondville
Hughes,Barden Ridge
Hughes,Bangor
Hughes,Bangor South
Hughes,Menai
Hughes,Alfords Point
Hughes,Holsworthy
Hughes,Holsworthy West
Hughes,Wattle Grove PPVC
Hughes,Wattle Grove
Hughes,Wattle Grove South
Hughes,Moorebank East
Hughes,Moorebank
Hughes,Liverpool HUGHES PPVC
Fowler,Newbridge Heights
Fowler,Chipping Norton
Fowler,Liverpool South
Werriwa,Lurnea
Werriwa,Lurnea South
Werriwa,Prestons East
Werriwa,Casula
#Hornsby
Berowra,West Pennant Hills Central
Berowra,Cherrybrook South
Berowra,Cherrybrook
Berowra,Cherrybrook Central
Berowra,Cherrybrook North
Berowra,Cherrybrook BEROWRA PPVC
Berowra,Hornsby South
Berowra,Hornsby (Berowra)
Berowra,Hornsby Central (Berowra)
Berowra,Hornsby West (Berowra)
Berowra,Hornsby BEROWRA PPVC
Berowra,Hornsby North
Berowra,Asquith (Berowra)
Berowra,Hornsby Heights
Berowra,Mount Colah
Berowra,Mount Kuring-Gai
Berowra,Berowra PPVC
Berowra,Berowra Heights
Berowra,Berowra
Berowra,Cowan
Berowra,Brooklyn
Berowra,Galston
Berowra,Middle Dural
Berowra,Glenorie
Berowra,Arcadia
Berowra,Wisemans Ferry
Bradfield,Hornsby East
Bradfield,Hornsby (Bradfield)
Bradfield,Hornsby West (Bradfield)
Bradfield,Asquith (Bradfield)
#Keira
Cunningham,Woonona Central
Cunningham,Woonona
Cunningham,Woonona East
Cunningham,Russell Vale
Cunningham,Bellambi
Cunningham,Corrimal PPVC
Cunningham,Corrimal
Cunningham,Tarrawanna
Cunningham,Fairy Meadow
Cunningham,Balgownie Central
Cunningham,Balgownie
Cunningham,Mount Ousley
Cunningham,Keiraville
Cunningham,Mount Keira
Cunningham,Wollongong West
Cunningham,Figtree West
Cunningham,Figtree Heights
Cunningham,Figtree
Cunningham,Unanderra
Cunningham,Unanderra South
Cunningham,Unanderra West
Cunningham,Cordeaux Heights
Cunningham,Mount Kembla
#Kellyville
Mitchell,Baulkham Hills West
Mitchell,Baulkham Hills City
Mitchell,Crestwood Central
Mitchell,Crestwood
Mitchell,Bella Vista
Mitchell,Baulkham Hills MITCHELL PPVC
Mitchell,The Ponds MITCHELL PPVC
Mitchell,Bella Vista North
Mitchell,Castle Hill West
Mitchell,Kellyville South East
Mitchell,Kellyville North
Mitchell,Kellyville East
Mitchell,Kellyville South
Mitchell,Kellyville
Mitchell,Kellyville West
Mitchell,Beaumont Hills
Mitchell,Beaumont Hills Central
Mitchell,Rouse Hill South
Mitchell,Rouse Hill
Mitchell,Kellyville North West
#Kiama
Whitlam,Albion Park Rail
Whitlam,Albion Park PPVC
Whitlam,Albion Park
Whitlam,Albion Park South
Whitlam,Albion Park Heights
Gilmore,Minnamurra
Gilmore,Kiama Downs
Gilmore,Kiama
Gilmore,Kiama PPVC
Gilmore,Kiama South
Gilmore,Gerringong North
Gilmore,Gerringong
Gilmore,Gerroa
Gilmore,Berry
Gilmore,Shoalhaven Heads
Gilmore,Bomaderry
Gilmore,Nowra Bomaderry
Gilmore,Nowra North
Gilmore,Falls Creek
Gilmore,Nowra Hill
Gilmore,Cambewarra
Gilmore,Jamberoo
Gilmore,Kangaroo Valley
#Kogarah
Cook,Blakehurst South
Cook,Carss Park
Cook,Kogarah Bay
Cook,Hurstville COOK PPVC
Banks,Blakehurst North
Banks,Allawah
Banks,Allawah South
Banks,Carlton West
Banks,Carlton South (Banks)
Banks,Hurstville East (Banks)
Banks,Hurstville (Banks)
Barton,Hurstville BARTON PPVC
Barton,Hurstville (Barton)
Barton,Hurstville East (Barton)
Barton,Carlton South (Barton)
Barton,Kogarah West
Barton,Kogarah Central
Barton,Carlton
Barton,Bexley
Barton,Bexley Central
Barton,Bexley West
Barton,Bexley South
Barton,Bexley North Park
Barton,Kingsgrove
Barton,Kingsgrove South
Barton,Hurstville North
Barton,Beverly Hills South (Barton)
Barton,Beverly Hills
Barton,Beverly Hills Central
Barton,Haymarket BARTON PPVC
#Lake Macquarie
Shortland,Speers Point
Shortland,Warners Bay North
Hunter,Wyee
Hunter,Wyee Point
Hunter,Morisset Peninsula
Hunter,Morisset
Hunter,Bonnells Bay
Hunter,Dora Creek
Hunter,Cooranbong PPVC
Hunter,Cooranbong
Hunter,Wangi Wangi
Hunter,Arcadia Vale
Hunter,Rathmines
Hunter,Coal Point
Hunter,Kilaben Bay
Hunter,Toronto PPVC
Hunter,Toronto
Hunter,Biraban
Hunter,Blackalls
Hunter,Fennell Bay
Hunter,Fassifern
Hunter,Woodrising
Hunter,Booragul
Hunter,Teralba
Hunter,Argenton
Hunter,Newcastle HUNTER PPVC
Hunter,Charlestown HUNTER PPVC
#Lane Cove
North Sydney,Greenwich North
North Sydney,Greenwich
North Sydney,Longueville
North Sydney,Lane Cove
North Sydney,Lane Cove South
North Sydney,Lane Cove East
North Sydney,Lane Cove West
North Sydney,Lane Cove West Central
North Sydney,Chatswood South
North Sydney,Hunters Hill
North Sydney,Hunters Hill West
North Sydney,Gladesville (North Sydney)
North Sydney,Hunters Hill North (North Sydney)
North Sydney,West Ryde NORTH SYDNEY PPVC
Bennelong,Gladesville North
Bennelong,Gladesville (Bennelong)
Bennelong,Putney West
Bennelong,Hunters Hill North (Bennelong)
Bennelong,Putney
Bennelong,Ryde South
Bennelong,East Ryde Central
Bennelong,East Ryde Heights
Bennelong,East Ryde
Bennelong,North Ryde Heights
Bennelong,North Ryde
Bennelong,Chatswood BENNELONG PPVC
#Leppington
Macarthur,Eagle Vale
Macarthur,Eschol Park
Macarthur,Raby
Macarthur,Varroville
Macarthur,Denham Court West
Macarthur,Catherine Field
Macarthur,Leppington
Macarthur,Rossmore (Macarthur)
Werriwa,Rossmore (Werriwa)
Werriwa,Kemps Creek (Werriwa)
Werriwa,Austral
Werriwa,Horningsea Park
Werriwa,Prestons West
Werriwa,Prestons Central
Werriwa,West Hoxton South
Werriwa,West Hoxton WERRIWA PPVC
Werriwa,West Hoxton Central
Werriwa,Carnes Hill
Werriwa,Hoxton Park
Werriwa,Middleton Grange
Werriwa,West Hoxton
#Lismore
Richmond,Dungay
Richmond,Murwillumbah East
Richmond,Murwillumbah PPVC
Richmond,Murwillumbah
Richmond,Murwillumbah West
Richmond,Stokers Siding
Richmond,Crystal Creek
Richmond,Chillingham
Richmond,Tyalgum
Richmond,Uki
Richmond,Wilsons Creek
Richmond,Federal
Richmond,Eureka
Page,Wyrallah
Page,Caniaba
Page,Mcleans Ridges
Page,Eltham
Page,Clunes
Page,Rosebank
Page,Bexhill
Page,Goonellabah South
Page,Goonellabah
Page,Goonellabah PPVC
Page,Lismore Heights
Page,Lismore
Page,Lismore Central
Page,Lismore PAGE PPVC
Page,Lismore East
Page,Goolmangar
Page,Modanville
Page,Rosebank
Page,Dunoon
Page,The Channon
Page,Jiggi
Page,Nimbin
Page,Cawongla
Page,Wiangaree
Page,Woodenbong
Page,Kyogle
Page,Kyogle South
Page,Mallanganee
Page,Bonalbo
New England,Urbenville
New England,Legume
New England,Liston
New England,Drake
New England,Tenterfield PPVC
New England,Tenterfield
#Liverpool
Fowler,Warwick Farm
Fowler,Liverpool (Fowler)
Fowler,Liverpool FOWLER PPVC
Fowler,Liverpool West (Fowler)
Fowler,Liverpool Central
Werriwa,Liverpool WERRIWA PPVC
Werriwa,Cartwright
Werriwa,Ashcroft
Werriwa,Sadleir
Werriwa,Miller
Werriwa,Heckenberg
Werriwa,Bonnyrigg Central (Werriwa)
Werriwa,Green Valley East
Werriwa,Green Valley
Werriwa,Green Valley North
Werriwa,Green Valley West
Werriwa,Hinchinbrook
Werriwa,Hinchinbrook East
Werriwa,Hinchinbrook North
Werriwa,Bonnyrigg Heights East
Werriwa,Bonnyrigg Heights
Werriwa,Cecil Hills
Werriwa,Cecil Hills North
Werriwa,Mount Pritchard (Werriwa)
Werriwa,Liverpool (Werriwa)
Werriwa,Liverpool West (Werriwa)
Werriwa,Fairfield WERRIWA PPVC
Werriwa,Wetherill Park WERRIWA PPVC
#Londonderry
Chifley,Ropes Crossing
Chifley,Marsden Park Central
Chifley,Marsden Park
Lindsay,Mount Druitt LINDSAY PPVC
Lindsay,St Marys LINDSAY PPVC
Lindsay,Colyton
Lindsay,Colyton West
Lindsay,Oxley Park
Lindsay,St Marys South
Lindsay,St Marys
Lindsay,St Marys North
Lindsay,Werrington County
Lindsay,Werrington
Lindsay,Claremont Meadows
Lindsay,Llandilo
Lindsay,Orchard Hills
Lindsay,Jordan Springs
Lindsay,Castlereagh
Lindsay,Londonderry
Lindsay,Berkshire Park
Lindsay,Richmond LINDSAY PPVC
#Macquarie Fields
Werriwa,Casula South
Werriwa,Glenfield West
Werriwa,Edmondson Park
Werriwa,Denham Court
Werriwa,Bardia (Werriwa)
Werriwa,Glenfield
Werriwa,Glenfield East
Werriwa,Macquarie Fields Central
Werriwa,Macquarie Fields East
Werriwa,Macquarie Fields North
Werriwa,Macquarie Fields
Werriwa,Ingleburn WERRIWA PPVC
Werriwa,Campbelltown WERRIWA PPVC
Werriwa,Ingleburn (Werriwa)
Macarthur,Bardia (Macarthur)
Macarthur,Ingleburn MACARTHUR PPVC
Macarthur,Ingleburn (Macarthur)
Macarthur,Ingleburn East
Macarthur,Ingleburn South
Macarthur,St Andrews
Macarthur,St Andrews South
Macarthur,Minto North
Macarthur,Minto
Macarthur,Minto South
#Maitland
Paterson,Woodberry
Paterson,Thornton
Paterson,Somerset
Paterson,Millers Forest
Paterson,Chisholm
Paterson,Morpeth
Paterson,Tenambit
Paterson,Metford
Paterson,Ashtonfield
Paterson,East Maitland Central
Paterson,East Maitland
Paterson,East Maitland South
Paterson,East Maitland PATERSON PPVC
Paterson,Gillieston Heights
Paterson,Maitland
Paterson,Telarah
Paterson,Aberglasslyn
Paterson,Rutherford
Paterson,Rutherford North
Paterson,Rutherford West
Paterson,Rutherford PATERSON PPVC
Paterson,Lochinvar
#Manly
Warringah,North Balgowlah
Warringah,Seaforth
Warringah,Balgowlah
Warringah,Balgowlah Heights
Warringah,Balgowlah East
Warringah,Manly West
Warringah,Fairlight
Warringah,Manly Central
Warringah,Manly PPVC
Warringah,Manly
Warringah,Manly Vale
Warringah,Manly Eastern Hill
Warringah,Queenscliff
Warringah,Freshwater
Warringah,Freshwater Central
Warringah,Freshwater North
Warringah,Curl Curl
Warringah,Brookvale East
Warringah,Brookvale
Warringah,Brookvale WARRINGAH PPVC
Warringah,North Curl Curl
Warringah,Dee Why Central (Warringah)
Warringah,Dee Why East (Warringah)
Mackellar,Dee Why Central (Mackellar)
Mackellar,Dee Why East (Mackellar)
#Maroubra
Kingsford Smith,Kingsford South
Kingsford Smith,Daceyville
Kingsford Smith,Coogee South
Kingsford Smith,Maroubra PPVC
Kingsford Smith,Maroubra Junction
Kingsford Smith,Maroubra West
Kingsford Smith,Maroubra
Kingsford Smith,Maroubra Central
Kingsford Smith,Maroubra Bay
Kingsford Smith,Maroubra South
Kingsford Smith,Pagewood South
Kingsford Smith,Hillsdale
Kingsford Smith,Bunnerong
Kingsford Smith,Bunnerong South
Kingsford Smith,Matraville
Kingsford Smith,Malabar
Kingsford Smith,Chifley
Kingsford Smith,La Perouse
Kingsford Smith,Botany East
Kingsford Smith,Banksmeadow
Kingsford Smith,Botany South
Kingsford Smith,Botany
#Miranda
Cook,Taren Point
Cook,Miranda North
Cook,Miranda Central
Cook,Miranda COOK PPVC
Cook,Engadine COOK PPVC
Cook,Miranda South
Cook,Miranda
Cook,Gymea North
Cook,Sylvania South
Cook,Sylvania Heights South
Cook,Sylvania Heights
Cook,Sylvania
Cook,Kirrawee (Cook)
Hughes,Miranda HUGHES PPVC
Hughes,Kirrawee (Hughes)
Hughes,Jannali West
Hughes,Jannali East
Hughes,Kareela
Hughes,Oyster Bay
Hughes,Oyster Bay North
Hughes,Como West
Hughes,Bonnet Bay
Hughes,Bangor North
Hughes,Menai Central
Hughes,Menai North
Hughes,Illawong
Hughes,Illawong North
#Monaro
Eden-Monaro,Wamboin
Eden-Monaro,Bungendore
Eden-Monaro,Bungendore North
Eden-Monaro,Braidwood
Eden-Monaro,Braidwood Central
Eden-Monaro,Araluen
Eden-Monaro,Captains Flat
Eden-Monaro,Queanbeyan East
Eden-Monaro,Queanbeyan Heights Central
Eden-Monaro,Queanbeyan West
Eden-Monaro,Queanbeyan Heights
Eden-Monaro,Queanbeyan North
Eden-Monaro,Queanbeyan City Central
Eden-Monaro,Queanbeyan Central
Eden-Monaro,Queanbeyan
Eden-Monaro,Queanbeyan South
Eden-Monaro,Jerrabomberra
Eden-Monaro,Googong
Eden-Monaro,Braidwood
Eden-Monaro,Braidwood Central
Eden-Monaro,Captains Flat
Eden-Monaro,Majors Creek
Eden-Monaro,Araluen
Eden-Monaro,Nimmitabel
Eden-Monaro,Bombala
Eden-Monaro,Delegate
Eden-Monaro,Michelago
Eden-Monaro,Bredbo
Eden-Monaro,Cooma North
Eden-Monaro,Cooma PPVC
Eden-Monaro,Cooma
Eden-Monaro,Dalgety
Eden-Monaro,Berridale
Eden-Monaro,Jindabyne PPVC
Eden-Monaro,Jindabyne
Eden-Monaro,Perisher Valley
Eden-Monaro,Thredbo
Eden-Monaro,Adaminaby
Eden-Monaro,Belconnen EDEN-MONARO PPVC
Eden-Monaro,City EDEN-MONARO PPVC
Eden-Monaro,Gungahlin EDEN-MONARO PPVC
Eden-Monaro,Queanbeyan EDEN-MONARO PPVC
Eden-Monaro,Tuggeranong EDEN-MONARO PPVC
Eden-Monaro,Woden EDEN-MONARO PPVC
#Mount Druitt
McMahon,Minchinbury (McMahon)
McMahon,Mount Druitt MCMAHON PPVC
Chifley,Minchinbury (Chifley)
Chifley,Mount Druitt South
Chifley,Rooty Hill South
Chifley,Rooty Hill North
Chifley,Rooty Hill West
Chifley,Mount Druitt CHIFLEY PPVC
Chifley,Mount Druitt North
Chifley,Mount Druitt
Chifley,Whalan
Chifley,Plumpton
Chifley,Plumpton Central
Chifley,Hebersham
Chifley,Dharruk
Chifley,Hassall Grove
Chifley,Oakhurst
Chifley,Bidwill
Chifley,Blackett
Chifley,Shalvey
Chifley,Lethbridge Park
Chifley,Tregear
Chifley,Willmot
#Murray
Farrer,Barooga
Farrer,Berrigan
Farrer,Tocumwal
Farrer,Finley
Farrer,Jerilderie
Farrer,Blighty
Farrer,Echuca FARRER PPVC
Farrer,Moama
Farrer,Mathoura
Farrer,Bunnaloo
Farrer,Deniliquin North
Farrer,Deniliquin
Farrer,Deniliquin PPVC
Farrer,Deniliquin West
Farrer,Wakool
Farrer,Barham
Farrer,Moulamein
Farrer,Murray Downs
Farrer,Koraleigh
Farrer,Tooleybuc
Farrer,Balranald
Farrer,Hay
Farrer,Euston
Farrer,Buronga
Farrer,Mildura FARRER PPVC
Farrer,Dareton
Farrer,Wentworth
Farrer,Coleambally
Farrer,Darlington Point
Farrer,Yanco
Farrer,Leeton South
Farrer,Leeton Parkview
Farrer,Leeton
Farrer,Leeton North
Farrer,Leeton PPVC
Farrer,Wamoon
Farrer,Whitton
Farrer,Yenda
Farrer,Beelbangera
Farrer,Yoogali
Farrer,Hanwood
Farrer,Griffith East
Farrer,Griffith West
Farrer,Griffith North
Farrer,Griffith
Farrer,Griffith PPVC
Farrer,Lake Wyangan
Farrer,Rankins Springs
Farrer,Goolgowi
Farrer,Hillston
#Myall Lakes
Lyne,Bulahdelah
Lyne,Bungwahl
Lyne,Pacific Palms
Lyne,Coolongolook
Lyne,Coomba Park
Lyne,Forster Keys
Lyne,Forster South
Lyne,Forster-Tuncurry PPVC
Lyne,Forster East
Lyne,Tuncurry
Lyne,Nabiac
Lyne,Krambach
Lyne,Diamond Beach
Lyne,Hallidays Point
Lyne,Old Bar
Lyne,Old Bar North
Lyne,Mitchells Island
Lyne,Purfleet
Lyne,Burrell Creek
Lyne,Mount George
Lyne,Tinonee
Lyne,Lansdowne
Lyne,Cundletown
Lyne,Chatham
Lyne,Taree
Lyne,Taree North
Lyne,Taree West
Lyne,Taree PPVC
Lyne,Wingham
Lyne,Wingham West
Lyne,Killabakh
Lyne,Elands
Lyne,Marlee
Lyne,Wherrol Flat
#Newcastle
Newcastle,Merewether Heights
Newcastle,Merewether South
Newcastle,Merewether
Newcastle,The Junction
Newcastle,Hamilton South
Newcastle,Cooks Hill South
Newcastle,Cooks Hill
Newcastle,Newcastle NEWCASTLE PPVC
Newcastle,Newcastle City
Newcastle,Stockton
Newcastle,Carrington
Newcastle,Wickham
Newcastle,Hamilton
Newcastle,Hamilton North
Newcastle,Beaumont Park
Newcastle,Adamstown North
Newcastle,Islington
Newcastle,Tighes Hill
Newcastle,Mayfield East
Newcastle,Mayfield
Newcastle,Mayfield West
Newcastle,Mayfield South
Newcastle,Georgetown
Newcastle,Warabrook
Paterson,Fern Bay
Paterson,Newcastle PATERSON PPVC
#Newtown
Sydney,Redfern East
Sydney,Redfern
Sydney,Redfern West
Sydney,Darlington
Sydney,Darlington Central
Sydney,Camperdown
Sydney,Erskineville
Sydney,Erskineville North
Sydney,Newtown East (Sydney)
Sydney,Newtown North (Sydney)
Sydney,Camperdown South (Sydney)
Sydney,Annandale (Sydney)
Sydney,Newtown SYDNEY PPVC
Sydney,Marrickville SYDNEY PPVC
Grayndler,Enmore
Grayndler,Stanmore North
Grayndler,Petersham East
Grayndler,Petersham
Grayndler,Lewisham
Grayndler,Stanmore
Grayndler,Newtown GRAYNDLER PPVC
Grayndler,Newtown North (Grayndler)
Grayndler,Newtown East (Grayndler)
Grayndler,Newtown South
Grayndler,Camperdown South (Grayndler)
#Northern Tablelands
New England,Deepwater
New England,Emmaville
New England,Bonshaw
New England,Yetman
New England,Ashford
New England,Delungra
New England,Glen Innes
New England,Glen Innes West
New England,Glen Innes PPVC
New England,Inverell East
New England,Inverell
New England,Inverell PPVC
New England,Ross Hill
New England,Gilgai
New England,Bingara
New England,Tingha
New England,Bundarra
New England,Glencoe
New England,Ben Lomond
New England,Guyra
New England,Black Mountain
New England,Ebor
New England,Wollomombi
New England,Kingstown
New England,Ben Venue
New England,Madgwick
New England,Newling
New England,Armidale West
New England,Armidale PPVC
New England,Armidale
New England,Armidale South
New England,Dangarsleigh
New England,Arding
New England,Rocky River
New England,Uralla
New England,Kentucky
New England,Woolbrook
New England,Walcha
New England,Yarrowitch
New England,Nowendoc
Parkes,Warialda
Parkes,North Star
Parkes,Boggabilla
Parkes,Boomi
Parkes,Mungindi
Parkes,Ashley
Parkes,Gravesend
Parkes,Pallamallawa
Parkes,Ashley
Parkes,Moree PPVC
Parkes,Moree
Parkes,Moree East
Parkes,Moree West
#North Shore
North Sydney,North Sydney
North Sydney,Waverton
North Sydney,Crows Nest East
North Sydney,Crows Nest
North Sydney,Wollstonecraft
North Sydney,McMahons Point
North Sydney,Kirribilli
North Sydney,Neutral Bay West (North Sydney)
North Sydney,Neutral Bay (North Sydney)
North Sydney,Mosman NORTH SYDNEY PPVC
Warringah,Neutral Bay West (Warringah)
Warringah,Neutral Bay (Warringah)
Warringah,Neutral Bay East
Warringah,Cremorne South
Warringah,Cremorne (Warringah)
Warringah,Mosman North (Warringah)
Warringah,Mosman WARRINGAH PPVC
Warringah,Mosman
Warringah,Mosman Central
Warringah,Balmoral
Warringah,Spit Junction
Warringah,Beauty Point
Warringah,Mosman Bay
Warringah,Crows Nest WARRINGAH PPVC
#Oatley
Cook,Connells Point (Cook)
Banks,Connells Point (Banks)
Banks,Haymarket BANKS PPVC
Banks,Hurstville BANKS PPVC
Banks,Hurstville South
Banks,Hurstville Grove
Banks,Penshurst Central
Banks,Penshurst
Banks,Mortdale East
Banks,Mortdale West
Banks,Mortdale Central
Banks,Oatley
Banks,Oatley East
Banks,Oatley West
Banks,Lugarno
Banks,Lugarno North
Banks,Peakhurst South
Banks,Peakhurst West
Banks,Peakhurst East
Banks,Riverwood South
Banks,Riverwood North
Banks,Riverwood East (Banks)
Banks,Narwee
Banks,Beverly Hills South (Banks)
Banks,Beverly Hills North (Banks)
#Orange
Calare,Spring Hill
Calare,Spring Terrace
Calare,Lucknow
Calare,Bloomfield
Calare,Canobolas
Calare,Nashdale
Calare,Glenroi
Calare,Orange South
Calare,Bowen
Calare,Calare Central
Calare,Orange East
Calare,Orange
Calare,Orange West
Calare,Orange North
Calare,Orange PPVC
Calare,Bletchington
Calare,Orange North West
Calare,Waratah North Orange
Calare,Borenore
Calare,Mullion Creek
Calare,Molong
Calare,Cumnock
Calare,Yeoval
Calare,Manildra
Calare,Cudal
Calare,Cargo
Calare,Canowindra
Calare,Eugowra
Riverina,Peak Hill
Riverina,Bedgerabong
Riverina,Alectown
Riverina,Tullamore
Riverina,Trundle
Riverina,Bogan Gate
Riverina,Parkes East
Riverina,Parkes North
Riverina,Parkes
Riverina,Parkes West
Riverina,Parkes South
Riverina,Parkes PPVC
Riverina,Forbes North
Riverina,Forbes
Riverina,Forbes South
Riverina,Forbes PPVC
Riverina,Tullamore
#Oxley
Lyne,Comboyne
Lyne,Long Flat
Lyne,Beechwood
Lyne,Huntingdon
Lyne,King Creek
Lyne,Wauchope South
Lyne,Wauchope
Lyne,Wauchope PPVC
Lyne,Rollands Plains
Cowper,Telegraph Point
Cowper,Kundabung
Cowper,Crescent Head
Cowper,Hat Head
Cowper,Gladstone
Cowper,Frederickton
Cowper,Kempsey South
Cowper,Kempsey East
Cowper,Kempsey West
Cowper,Kempsey Heights
Cowper,Kempsey PPVC
Cowper,Aldavilla
Cowper,Willawarrin
Cowper,Bellbrook
Cowper,South West Rocks South
Cowper,South West Rocks
Cowper,Stuarts Point
Cowper,Eungai Creek
Cowper,Scotts Head
Cowper,Warrell Creek
Cowper,Utungun
Cowper,Taylors Arm
Cowper,Macksville
Cowper,Bowraville
Cowper,Newville
Cowper,Nambucca Heads
Cowper,Nambucca Heads PPVC
Cowper,Missabotti
Cowper,Valla Beach
Cowper,Urunga
Cowper,Mylestom
Cowper,Repton
Cowper,Raleigh
Cowper,Bellingen North
Cowper,Bellingen
Cowper,Gleniffer
Cowper,Thora
Cowper,Dorrigo
#Parramatta
Reid,Newington
Reid,Newington North
Reid,Wentworth Point
Reid,Wentworth Point North
Reid,Silverwater (Reid)
Bennelong,Ermington West (Bennelong)
Bennelong,Ermington Central
Parramatta,Rosehill
Parramatta,Parramatta PARRAMATTA PPVC
Parramatta,Parramatta West
Parramatta,Lake Parramatta
Parramatta,Parramatta North
Parramatta,Parramatta East
Parramatta,Parramatta
Parramatta,Parramatta South
Parramatta,Dundas
Parramatta,Rydalmere
Parramatta,Ermington West (Parramatta)
Parramatta,Pendle Hill Central (Parramatta)
Parramatta,West Ryde PARRAMATTA PPVC
#Penrith
Lindsay,Penrith South Central
Lindsay,Penrith South
Lindsay,Penrith East
Lindsay,Penrith
Lindsay,Penrith North
Lindsay,Penrith LINDSAY PPVC
Lindsay,Jamisontown
Lindsay,Jamisontown West
Lindsay,Orchard Hills West
Lindsay,Kingswood
Lindsay,Kingswood North
Lindsay,Kingswood South
Lindsay,Cambridge Park South
Lindsay,Cambridge Park
Lindsay,Cambridge Park North
Lindsay,Cambridge Gardens
Lindsay,Cranebrook South
Lindsay,Cranebrook North
Lindsay,Cranebrook
Lindsay,Cranebrook Central
Lindsay,Leonay
Lindsay,Emu Plains
Lindsay,Emu Plains Central
Lindsay,Emu Plains LINDSAY PPVC
Lindsay,Emu Plains North
Lindsay,Emu Heights
#Pittwater
Mackellar,Frenchs Forest MACKELLAR PPVC
Mackellar,Terrey Hills
Mackellar,Narrabeen
Mackellar,Narrabeen East
Mackellar,Elanora Heights
Mackellar,Narrabeen North
Mackellar,Warriewood
Mackellar,Warriewood East
Mackellar,Mona Vale PPVC
Mackellar,Mona Vale South
Mackellar,Mona Vale
Mackellar,Mona Vale North
Mackellar,Bayview
Mackellar,Newport
Mackellar,Newport Beach
Mackellar,Bilgola Plateau
Mackellar,Avalon South
Mackellar,Avalon
Mackellar,Avalon Beach
Mackellar,Palm Beach
#Port Macquarie
Lyne,Camden Haven PPVC
Lyne,Harrington
Lyne,Hannam Vale
Lyne,Coopernook
Lyne,Lorne
Lyne,Moorland
Lyne,Johns River
Lyne,Kendall
Lyne,Kew
Lyne,Herons Creek
Lyne,Laurieton
Lyne,Dunbogan
Lyne,West Haven
Lyne,North Haven
Lyne,Bonny Hills
Lyne,Lake Cathie
Lyne,Port Macquarie LYNE PPVC
Lyne,Port Macquarie West LYNE PPVC
Cowper,Emerald Downs
Cowper,Tacking Point
Cowper,Port Macquarie South
Cowper,Port Macquarie East
Cowper,Port Macquarie West
Cowper,Innes Lake
Cowper,Innes Lake North
Cowper,Port Macquarie Greenmeadows
Cowper,Port Macquarie Town Beach
Cowper,Thrumster
Cowper,Settlement Shores
Cowper,Port Macquarie COWPER PPVC
Cowper,Port Macquarie West COWPER PPVC
Cowper,Port Macquarie North Shore
Cowper,Hibbard
Sydney,Lord Howe Island
#Port Stephens
Paterson,Raymond Terrace PATERSON PPVC
Paterson,Raymond Terrace North
Paterson,Raymond Terrace East
Paterson,Raymond Terrace Central
Paterson,Raymond Terrace
Paterson,Williamtown
Paterson,Salt Ash
Paterson,Wirreanda Medowie
Paterson,Medowie
Paterson,Tanilba Bay
Paterson,Lemon Tree Passage
Paterson,Bobs Farm
Paterson,Soldiers Point
Paterson,Salamander Bay
Paterson,Salamander
Paterson,Anna Bay
Paterson,Corlette
Paterson,Nelson Bay PPVC
Paterson,Nelson Bay Central
Paterson,Nelson Bay
Paterson,Shoal Bay
Lyne,Raymond Terrace LYNE PPVC
Lyne,Hinton
Lyne,Woodville
Lyne,Seaham
Lyne,Karuah
Lyne,North Arm Cove
Lyne,Tea Gardens
Lyne,Hawks Nest
#Prospect
Fowler,Smithfield West (Fowler)
Fowler,Wetherill Park (Fowler)
McMahon,Wetherill Park MCMAHON PPVC
McMahon,Cabramatta MCMAHON PPVC
McMahon,Blacktown MCMAHON PPVC
McMahon,Wetherill Park (McMahon)
McMahon,Smithfield West (McMahon)
McMahon,Smithfield
McMahon,Greystanes South
McMahon,Greystanes Central
McMahon,Greystanes East
McMahon,Greystanes
McMahon,Greystanes West
McMahon,Greystanes North
McMahon,Greystanes North East
McMahon,Pemulwuy
Parramatta,Wentworthville
Parramatta,Pendle Hill (Parramatta)
Greenway,Pendle Hill (Greenway)
Greenway,Pendle Hill Central (Greenway)
Greenway,Girraween
Greenway,Girraween West
Greenway,Toongabbie
Greenway,Prospect West
Greenway,Blacktown East
Greenway,Seven Hills South
Greenway,Seven Hills
Greenway,Seven Hills Central
Greenway,Parramatta GREENWAY PPVC
#Riverstone
Greenway,Quakers Hill East (Greenway)
Greenway,Acacia Gardens
Greenway,Quakers Hill North
Greenway,Quakers Hill West
Greenway,The Ponds GREENWAY PPVC
Greenway,Stanhope Gardens
Greenway,Stanhope Gardens North
Greenway,Kellyville Ridge
Greenway,The Ponds
Greenway,The Ponds North
Greenway,The Ponds West
Greenway,Schofields South
Greenway,Schofields (Greenway)
Greenway,Schofields PPVC
Greenway,Riverstone East
Greenway,Riverstone
Greenway,Vineyard East (Greenway)
Chifley,Schofields (Chifley)
Chifley,Quakers Hill East (Chifley)
#Rockdale
Barton,Turrella
Barton,Bardwell Park
Barton,Bexley North
Barton,Bexley East
Barton,Arncliffe West
Barton,Arncliffe
Barton,Arncliffe North
Barton,Arncliffe Central
Barton,Rockdale West
Barton,Rockdale City
Barton,Rockdale
Barton,Rockdale BARTON PPVC
Barton,Rockdale Central
Barton,Kyeemagh
Barton,Brighton North
Barton,Brighton-Le-Sands (Barton)
Cook,Rockdale COOK PPVC
Cook,Brighton-Le-Sands (Cook)
Cook,Kogarah East
Cook,Monterey
Cook,Carlton South (Cook)
Cook,Ramsgate Beach
Cook,Ramsgate
Cook,Sans Souci
Cook,Sandringham
#Ryde
Bennelong,Melrose Park
Bennelong,West Ryde
Bennelong,Denistone South
Bennelong,Eastwood West
Bennelong,Eastwood
Bennelong,Eastwood BENNELONG PPVC
Bennelong,Denistone
Bennelong,Denistone East
Bennelong,Denistone West
Bennelong,Ryde
Bennelong,Ryde Central
Bennelong,Top Ryde
Bennelong,Ryde Heights
Bennelong,West Ryde Central
Bennelong,North Ryde Central
Bennelong,Macquarie Park South
Bennelong,Macquarie Park
Bennelong,Marsfield North
Bennelong,Eastwood Heights
Bennelong,Marsfield
Bennelong,West Ryde BENNELONG PPVC
#Shellharbour
Whitlam,Dapto WHITLAM PPVC
Whitlam,Koonawarra
Whitlam,Dapto East
Whitlam,Dapto South
Whitlam,Horsley
Whitlam,Horsley South
Whitlam,Lake Illawarra
Whitlam,Warilla East
Whitlam,Warilla PPVC
Whitlam,Warilla North
Whitlam,Warilla South
Whitlam,Shellharbour
Whitlam,Shell Cove
Whitlam,Flinders Central
Whitlam,Mount Warrigal
Whitlam,Barrack Heights
Whitlam,Blackbutt
Whitlam,Oak Flats East
Whitlam,Oak Flats
Whitlam,Dapto
#South Coast
Gilmore,Nowra PPVC
Gilmore,Nowra
Gilmore,Nowra Centre
Gilmore,Nowra East
Gilmore,Nowra South
Gilmore,Nowra South PPVC
Gilmore,Terara
Gilmore,Greenwell Point
Gilmore,Culburra
Gilmore,Currarong
Gilmore,Callala Bay
Gilmore,Callala Beach
Gilmore,Huskisson
Gilmore,Huskisson PPVC
Gilmore,Vincentia
Gilmore,Tomerong
Gilmore,Erowal Bay
Gilmore,Sanctuary Point
Gilmore,St Georges Basin
Gilmore,Basin View
Gilmore,Sussex Inlet
Gilmore,Cudmirrah
Gilmore,Manyana
Gilmore,Lake Conjola
Gilmore,Milton
Gilmore,Narrawallee
Gilmore,Ulladulla
Gilmore,Ulladulla PPVC
Gilmore,Burrill Lake
Gilmore,Bawley Point
#Strathfield
Watson,Campsie West
Watson,Campsie North
Watson,Belfield
Watson,Enfield South
Watson,Enfield West
Watson,Enfield (Watson)
Watson,Strathfield South (Watson)
Watson,Croydon Park
Watson,Croydon (Watson)
Watson,Croydon South (Watson)
Watson,Concord WATSON PPVC
Reid,Ashfield REID PPVC
Reid,Croydon South (Reid)
Reid,Croydon (Reid)
Reid,Croydon North
Reid,Ashfield North (Reid)
Reid,Burwood East
Reid,Burwood Park
Reid,Burwood
Reid,Enfield (Reid)
Reid,Strathfield South (Reid)
Reid,Strathfield Central
Reid,Strathfield
Reid,Strathfield West
Reid,Homebush
Reid,Concord REID PPVC
Reid,Flemington
#Summer Hill
Barton,Marrickville South
Barton,Marrickville Park (Barton)
Barton,Marrickville West (Barton)
Barton,Hurlstone Park (Barton)
Barton,Marrickville BARTON PPVC
Grayndler,Marrickville Central
Grayndler,Marrickville North
Grayndler,Marrickville GRAYNDLER PPVC
Grayndler,Marrickville
Grayndler,Marrickville East
Grayndler,Marrickville Park (Grayndler)
Grayndler,Marrickville West (Grayndler)
Grayndler,Hurlstone Park (Grayndler)
Grayndler,Dulwich Hill
Grayndler,Dulwich Hill West
Grayndler,Dulwich Hill South
Grayndler,Summer Hill
Grayndler,Summer Hill South
Grayndler,Ashfield South (Grayndler)
Grayndler,Ashfield East (Grayndler)
Grayndler,Ashfield (Grayndler)
Grayndler,Ashfield GRAYNDLER PPVC
Grayndler,Ashfield North (Grayndler)
Grayndler,Haberfield West
Grayndler,Haberfield
Grayndler,Dobroyd Point
Grayndler,Canterbury North (Grayndler)
Watson,Ashfield South (Watson)
Watson,Ashfield East (Watson)
Watson,Ashfield (Watson)
Watson,Ashbury
Watson,Ashfield WATSON PPVC
Watson,Marrickville WATSON PPVC
#Swansea
Shortland,Wyong SHORTLAND PPVC
Shortland,Charmhaven SHORTLAND PPVC
Shortland,Toukley SHORTLAND PPVC
Shortland,San Remo
Shortland,Mannering Park
Shortland,Buff Point
Shortland,Budgewoi
Shortland,Budgewoi Central
Shortland,Chain Valley Bay
Shortland,Lake Munmorah
Shortland,Summerland Point
Shortland,Gwandalan
Shortland,Nords Wharf
Shortland,Caves Beach
Shortland,Swansea Central
Shortland,Swansea
Shortland,Blacksmiths
Shortland,Marks Point
Shortland,Belmont PPVC
Shortland,Belmont
Shortland,Belmont Central
Shortland,Belmont West
Shortland,Belmont North
Shortland,Floraville
Shortland,Jewells
Shortland,Redhead
Shortland,Valentine
Shortland,Valentine West
#Sydney
Sydney,Millers Point
Sydney,Barangaroo
Sydney,Sydney SYDNEY PPVC
Sydney,Sydney (Sydney)
Sydney,Pyrmont
Sydney,Kings Cross Central (Sydney)
Sydney,Haymarket SYDNEY PPVC
Sydney,Surry Hills West
Sydney,Surry Hills South
Sydney,Surry Hills
Sydney,Surry Hills North
Sydney,Surry Hills East (Sydney)
Sydney,Hyde Park
Sydney,Woolloomooloo
Sydney,Darlinghurst South
Sydney,Darlinghurst East (Sydney)
Sydney,Kings Cross (Sydney)
Sydney,Kings Cross SYDNEY PPVC
Sydney,Elizabeth Bay (Sydney)
Sydney,Paddington SYDNEY PPVC
Wentworth,Surry Hills East (Wentworth)
Wentworth,Darlinghurst East (Wentworth)
Wentworth,Kings Cross (Wentworth)
Wentworth,Kings Cross WENTWORTH PPVC
Wentworth,Elizabeth Bay (Wentworth)
Wentworth,Paddington Central
Wentworth,Paddington North
Wentworth,Paddington WENTWORTH PPVC
#Tamworth
New England,Bendemeer
New England,Moonbi
New England,Kootingal
New England,Barraba
New England,Manilla
New England,Somerton
New England,Attunga
New England,Moore Creek
New England,Oxley Vale
New England,Tamworth North
New England,Tamworth East
New England,Tamworth
New England,Tamworth West
New England,Tamworth South
New England,Tamworth PPVC
New England,Tamworth Central PPVC
New England,Hillvue
New England,Hillvue West
New England,Calala
New England,Tamworth Coledale
New England,Peel West
New England,Westdale
New England,Nemingha
New England,Loomberah
New England,Timbumburi
New England,Duri
New England,Dungowan
New England,Woolomin
New England,Nundle
New England,Currabubula
New England,Werris Creek
New England,Quirindi
New England,Wallabadah
New England,Willow Tree
New England,Spring Ridge
New England,Blackville
New England,Caroona
Parkes,Carroll
Parkes,Curlewis
Parkes,Gunnedah South
Parkes,Gunnedah
Parkes,Gunnedah PPVC
Parkes,Mullaley
Parkes,Tambar Springs
#Terrigal
Robertson,Pretty Beach
Robertson,Empire Bay
Robertson,Davistown
Robertson,Saratoga
Robertson,Copacabana
Robertson,Avoca Beach
Robertson,Kincumber
Robertson,Kincumber Central
Robertson,Springfield
Robertson,Erina South
Robertson,Erina
Robertson,Erina Heights (Robertson)
Robertson,Erina ROBERTSON PPVC
Robertson,Erina Central
Robertson,Terrigal South
Robertson,Terrigal
Robertson,Terrigal West
Robertson,Terrigal Lagoon
Robertson,Wamberal (Robertson)
Dobell,Erina DOBELL PPVC
Dobell,Erina Heights (Dobell)
Dobell,Holgate
Dobell,Wamberal (Dobell)
Dobell,Wamberal North
#The Entrance
Robertson,Niagara Park (Robertson)
Dobell,Gosford DOBELL PPVC
Dobell,Wyoming (Dobell)
Dobell,Wyoming East
Dobell,Wyoming North
Dobell,Narara
Dobell,Niagara Park (Dobell)
Dobell,Lisarow
Dobell,Ourimbah
Dobell,Forresters Beach
Dobell,Bateau Bay East
Dobell,Bateau Bay Central
Dobell,Killarney Vale South
Dobell,Shelly Beach
Dobell,Long Jetty
Dobell,Long Jetty East
Dobell,The Entrance
Dobell,The Entrance PPVC
Dobell,The Entrance North
Dobell,Killarney Vale
Dobell,Bateau Bay South
Dobell,Tumbi Umbi
Dobell,Berkeley Vale
Dobell,Berkeley Vale North
Dobell,Glenning Valley
Dobell,Tuggerah
#Tweed
Richmond,Crabbes Creek
Richmond,Burringbar
Richmond,Pottsville
Richmond,Pottsville Beach
Richmond,Hastings Point
Richmond,Bogangar
Richmond,Casuarina PPVC
Richmond,Casuarina
Richmond,Kingscliff South
Richmond,Kingscliff
Richmond,Chinderah
Richmond,Banora Point South
Richmond,Banora Point West
Richmond,Banora Point
Richmond,Banora Point North
Richmond,Tweed Heads West
Richmond,Tweed Heads South PPVC
Richmond,Tweed Heads South
Richmond,Tweed Heads Central
Richmond,Tweed Heads
Richmond,Tweed Heads RICHMOND PPVC
Richmond,Terranora
Richmond,Bilambil
Richmond,Tumbulgum
#Upper Hunter
New England,Murrurundi
New England,Wingen
New England,Gundy
New England,Scone
New England,Scone East
New England,Scone South
New England,Aberdeen
New England,Muswellbrook NEW ENGLAND PPVC
New England,Merriwa
New England,Cassilis
Hunter,Muswellbrook HUNTER PPVC
Hunter,Muswellbrook
Hunter,Muswellbrook East
Hunter,Denman
Hunter,Sandy Hollow
Hunter,Jerrys Plains
Hunter,Singleton Heights
Hunter,Singleton PPVC
Hunter,Singleton
Hunter,Singleton South
Hunter,Glendon
Hunter,Elderslie
Hunter,Lower Belford
Hunter,Branxton
Hunter,Broke
Hunter,Milbrodale
Lyne,Lorn
Lyne,East Maitland LYNE PPVC
Lyne,Rutherford LYNE PPVC
Lyne,Bolwarra
Lyne,Largs
Lyne,Paterson Central
Lyne,Vacy
Lyne,Wallarobba
Lyne,Gresford
Lyne,Dungog
Lyne,Booral
Lyne,Stroud
Lyne,Stroud Road
Lyne,Stratford
Lyne,Gloucester
Lyne,Gloucester South
Lyne,Barrington
Lyne,Clarence Town
#Vaucluse
Wentworth,Darling Point
Wentworth,Double Bay
Wentworth,Double Bay East
Wentworth,Edgecliff
Wentworth,Woollahra South
Wentworth,Woollahra
Wentworth,Bondi South
Wentworth,Bondi
Wentworth,Bellevue Hill
Wentworth,Bellevue Hill South
Wentworth,Rose Bay PPVC
Wentworth,Bondi Surf
Wentworth,Bondi Beach
Wentworth,Bondi Beach East
Wentworth,Bondi North
Wentworth,Dover Heights
Wentworth,Rose Bay
Wentworth,Rose Bay Central
Wentworth,Vaucluse
Wentworth,Vaucluse East
Wentworth,Watsons Bay
#Wagga Wagga
Eden-Monaro,Talbingo
Eden-Monaro,Batlow
Eden-Monaro,Adelong
Eden-Monaro,Tumut East
Eden-Monaro,Tumut
Eden-Monaro,Tumut PPVC
Riverina,Tarcutta
Riverina,Ladysmith
Riverina,Ladysmith
Riverina,Mangoplah
Riverina,Yerong Creek
Riverina,The Rock
Riverina,Uranquinty
Riverina,Pleasant Hills
Riverina,Lockhart
Riverina,Collingullie
Riverina,Euberta
Riverina,Charles Sturt University
Riverina,Kapooka PPVC
Riverina,Ladysmith
Riverina,Forest Hill
Riverina,Lake Albert
Riverina,Lake Albert South
Riverina,Tatton
Riverina,Tolland
Riverina,Wagga Wagga South PPVC
Riverina,Mount Austin
Riverina,Kooringal
Riverina,Kooringal North
Riverina,Turvey Park
Riverina,Ashmont
Riverina,Glenfield Park
Riverina,Wagga Wagga South
Riverina,Wagga Wagga
Riverina,Wagga Wagga PPVC
Riverina,Wagga Wagga North
#Wahroonga
Bradfield,Gordon West
Bradfield,Pymble West
Bradfield,South Turramurra
Bradfield,South Turramurra Heights
Bradfield,Pymble
Bradfield,Pymble North
Bradfield,Turramurra Central
Bradfield,Warrawee
Bradfield,Wahroonga East
Bradfield,North Wahroonga
Bradfield,Normanhurst (Bradfield)
Bradfield,Wahroonga South
Bradfield,Wahroonga
Bradfield,Waitara
Bradfield,Waitara North
Bradfield,Hornsby Central (Bradfield)
Bradfield,Pennant Hills BRADFIELD PPVC
Bradfield,Hornsby BRADFIELD PPVC
Berowra,Normanhurst (Berowra)
Berowra,Normanhurst West
Berowra,Thornleigh
Berowra,Westleigh
Berowra,Pennant Hills
Berowra,Pennant Hills BEROWRA PPVC
#Wakehurst
Warringah,Killarney Heights
Warringah,Forestville East
Warringah,Forestville (Warringah)
Warringah,Frenchs Forest (Warringah)
Warringah,Allambie
Warringah,Allambie Heights
Warringah,Beacon Hill (Warringah)
Warringah,Chatswood WARRINGAH PPVC
Warringah,Frenchs Forest WARRINGAH PPVC
Mackellar,Forestville (Mackellar)
Mackellar,Frenchs Forest East
Mackellar,Brookvale MACKELLAR PPVC
Mackellar,Chatswood MACKELLAR PPVC
Mackellar,Beacon Hill (Mackellar)
Mackellar,Narraweena
Mackellar,Narraweena East
Mackellar,Dee Why North
Mackellar,Dee Why
Mackellar,Cromer
Mackellar,Cromer East
Mackellar,Collaroy
Mackellar,Collaroy Plateau
Mackellar,Collaroy Plateau North
Mackellar,Wheeler Heights
#Wallsend
Hunter,Glendale
Hunter,Elermore Vale (Hunter)
Shortland,Cardiff North
Shortland,Cardiff Heights (Shortland)
Newcastle,Cardiff Heights (Newcastle)
Newcastle,Elermore Vale (Newcastle)
Newcastle,Wallsend South
Newcastle,Wallsend
Newcastle,Pittown
Newcastle,Plattsburg
Newcastle,Lambton
Newcastle,Lambton East
Newcastle,Waratah
Newcastle,Waratah West
Newcastle,Jesmond North
Newcastle,Wallsend East
Newcastle,Birmingham Gardens North
Newcastle,Shortland
Newcastle,Maryland
Newcastle,Wallsend NEWCASTLE PPVC
Newcastle,Glendore
Newcastle,Fletcher
Newcastle,Minmi
Paterson,Beresfield
Paterson,Tarro
Paterson,Wallsend PATERSON PPVC
#Willoughby
North Sydney,Lane Cove North
North Sydney,Lane Cove North Central
North Sydney,Chatswood NORTH SYDNEY PPVC
North Sydney,Chatswood West (North Sydney)
North Sydney,Artarmon Central
North Sydney,Artarmon
North Sydney,Chatswood East
North Sydney,St Leonards
North Sydney,Naremburn
North Sydney,Crows Nest NORTH SYDNEY PPVC
North Sydney,Cammeray South
North Sydney,Cammeray Central
North Sydney,Cammeray
North Sydney,Cremorne (North Sydney)
North Sydney,Mosman North (North Sydney)
North Sydney,Willoughby NORTH SYDNEY PPVC
North Sydney,Willoughby
North Sydney,Willoughby North
North Sydney,Willoughby South
North Sydney,Castlecrag
North Sydney,Northbridge
North Sydney,Northbridge East
North Sydney,Chatswood (North Sydney)
Bradfield,Chatswood BRADFIELD PPVC
Bradfield,Chatswood West (Bradfield)
Bradfield,Chatswood (Bradfield)
Bradfield,Roseville South
Bradfield,Willoughby BRADFIELD PPVC
Bradfield,Crows Nest BRADFIELD PPVC
Bradfield,Castle Cove
#Winston Hills
Parramatta,Toongabbie West
Parramatta,Toongabbie East
Parramatta,Wentworthville North
Parramatta,Old Toongabbie
Parramatta,Old Toongabbie North
Parramatta,Northmead (Parramatta)
Parramatta,Pendle Hill North
Parramatta,Wentworthville Central
Parramatta,Baulkham Hills PARRAMATTA PPVC
Parramatta,Blacktown PARRAMATTA PPVC
Mitchell,Parramatta MITCHELL PPVC
Mitchell,Northmead North
Mitchell,Northmead East
Mitchell,Northmead (Mitchell)
Mitchell,Winston Hills
Mitchell,Winston Hills North
Greenway,Seven Hills North
Greenway,Seven Hills East
Greenway,Seven Hills Heights
Greenway,Seven Hills West
Greenway,Lalor Park
Greenway,Lalor Park North
Greenway,Kings Langley
Greenway,Kings Langley North
Greenway,Glenwood West
Greenway,Glenwood Central
Greenway,Glenwood South
Greenway,Glenwood
#Wollondilly
Hume,Warragamba
Hume,Silverdale
Hume,Orangeville
Hume,Mount Hunter
Hume,The Oaks
Hume,Oakdale
Hume,Picton
Hume,Menangle Park (Hume)
Hume,Thirlmere
Hume,Douglas Park
Hume,Wilton
Hume,Tahmoor
Hume,Buxton
Hume,Bargo Central
Hume,Bargo
Hume,Yanderra
Hume,Hill Top
Hume,Colo Vale
Hume,Yerrinbool
Hume,Mittagong (Hume)
Hume,Bowral HUME PPVC
Whitlam,Welby
Whitlam,Mittagong (Whitlam)
Whitlam,Mittagong South
Whitlam,Bowral WHITLAM PPVC
Whitlam,Bowral
Whitlam,Bowral East
Whitlam,Bowral South
Whitlam,Glenquarry
#Wollongong
Cunningham,Corrimal East
Cunningham,Towradgi
Cunningham,Gwynneville
Cunningham,Wollongong
Cunningham,Wollongong East
Cunningham,Wollongong CUNNINGHAM PPVC
Cunningham,Wollongong South
Cunningham,Mangerton
Cunningham,Coniston
Cunningham,Port Kembla
Cunningham,Port Kembla Central
Cunningham,Warrawong CUNNINGHAM PPVC
Cunningham,Warrawong Central
Cunningham,Warrawong
Cunningham,Lake Heights (Cunningham)
Cunningham,Dapto CUNNINGHAM PPVC
Whitlam,Wollongong WHITLAM PPVC
Whitlam,Warrawong WHITLAM PPVC
Whitlam,Primbee
Whitlam,Windang
Whitlam,Cringila
Whitlam,Lake Heights (Whitlam)
Whitlam,Berkeley
Whitlam,Berkeley West
Whitlam,Berkeley South
Whitlam,Brownsville
Whitlam,Kanahooka
#Wyong
Dobell,Toukley DOBELL PPVC
Dobell,Toukley
Dobell,Toukley East
Dobell,Norah Head
Dobell,Chittaway Bay
Dobell,Chittaway Point
Dobell,Mardi
Dobell,Wyong DOBELL PPVC
Dobell,Wyong East
Dobell,Wyong
Dobell,Watanobbi
Dobell,Tuggerawong
Dobell,Wadalba
Dobell,Kanwal
Dobell,Kanwal North
Dobell,Hamlyn Terrace
Dobell,Warnervale
Dobell,Gorokan
Dobell,Lake Haven
Dobell,Charmhaven
Dobell,Charmhaven DOBELL PPVC
Dobell,Blue Haven
Dobell,Woongarrah
Dobell,Jilliby
Dobell,Wyong Creek
Dobell,Yarramalong